divNo,mainCode,productCode,sumOfCases,startingStoreCount,year1,year2,year3,year4,year5,year6,fcYear1,fcYear2,fcYear3,fcYear4,fcYear5,fcYear6,supplierNo,lySales
10,100000,100000,336.4,195,2026,2027,2028,2029,2030,2031,53.0,61.4,58.5,59.2,51.8,52.5,10001,439
18,100000,100000,323.4,209,2026,2027,2028,2029,2030,2031,51.8,50.4,52.2,53.4,55.2,60.4,10001,469
1,100000,100000,336.4,243,2026,2027,2028,2029,2030,2031,47.3,63.1,52.4,59.8,51.3,62.5,10001,333
4,100000,100000,318.6,182,2026,2027,2028,2029,2030,2031,56.2,52.5,45.8,45.8,58.3,60.0,10001,413
5,100001,100001,416.6,175,2026,2027,2028,2029,2030,2031,65.2,70.3,75.6,69.8,67.8,67.9,10003,445
11,100001,100001,422.5,253,2026,2027,2028,2029,2030,2031,63.0,74.9,64.6,71.7,78.7,69.6,10003,490
20,100001,100001,428.7,198,2026,2027,2028,2029,2030,2031,76.2,70.6,69.9,62.2,71.2,78.6,10003,414
6,100001,100001,418.9,87,2026,2027,2028,2029,2030,2031,72.8,69.6,60.0,70.6,70.4,75.5,10003,472
4,100002,100002,385.3,285,2026,2027,2028,2029,2030,2031,55.7,62.4,58.7,71.0,64.6,72.9,10013,1533
7,100002,100002,430.8,172,2026,2027,2028,2029,2030,2031,74.6,71.8,71.3,67.1,68.0,78.0,10013,1583
15,100003,100003,425.2,173,2026,2027,2028,2029,2030,2031,68.7,71.7,76.1,71.8,74.7,62.2,10018,322
18,100003,100003,396.5,103,2026,2027,2028,2029,2030,2031,61.8,69.0,61.3,78.6,63.0,62.8,10018,441
11,100003,100003,416.8,196,2026,2027,2028,2029,2030,2031,67.4,67.2,69.0,77.7,72.8,62.7,10018,437
13,100004,100004,1023.8,172,2026,2027,2028,2029,2030,2031,164.6,164.5,190.3,168.0,173.8,162.6,10005,1719
12,100004,100004,1050.9,111,2026,2027,2028,2029,2030,2031,197.2,163.5,181.1,163.5,153.7,191.9,10005,1755
5,100004,100004,1065.3,75,2026,2027,2028,2029,2030,2031,187.6,179.2,185.7,150.2,172.1,190.5,10005,2301
6,100005,100005,319.7,123,2026,2027,2028,2029,2030,2031,53.9,57.9,50.8,53.9,55.7,47.5,10015,1305
14,100005,100005,321.0,283,2026,2027,2028,2029,2030,2031,58.4,44.1,52.5,51.9,55.2,58.9,10015,1503
6,100006,100006,306.3,126,2026,2027,2028,2029,2030,2031,56.3,45.8,55.6,57.8,47.6,43.2,10004,936
2,100006,100006,314.5,290,2026,2027,2028,2029,2030,2031,44.4,59.7,47.5,59.8,52.0,51.1,10004,702
13,100006,100006,312.7,233,2026,2027,2028,2029,2030,2031,51.3,47.3,56.7,48.3,55.3,53.8,10004,730
10,100007,100007,426.8,221,2026,2027,2028,2029,2030,2031,62.0,78.2,79.1,77.5,70.1,59.9,10015,1853
19,100007,100007,423.8,118,2026,2027,2028,2029,2030,2031,81.2,69.2,80.1,58.0,66.9,68.4,10015,3114
998,100007,100007,405.1,80,2026,2027,2028,2029,2030,2031,65.0,75.0,58.1,73.4,74.3,59.3,10015,2397
7,100007,100007,444.7,213,2026,2027,2028,2029,2030,2031,61.6,74.1,79.8,78.9,76.1,74.2,10015,3059
8,100008,100008,306.5,187,2026,2027,2028,2029,2030,2031,45.2,55.6,53.1,49.8,52.1,50.7,10010,472
5,100008,100008,328.0,185,2026,2027,2028,2029,2030,2031,56.9,55.8,54.4,52.9,56.3,51.7,10010,448
16,100008,100008,295.8,88,2026,2027,2028,2029,2030,2031,43.9,52.4,43.6,52.1,51.3,52.5,10010,319
998,100009,100009,1327.4,194,2026,2027,2028,2029,2030,2031,227.7,259.7,224.3,193.9,199.8,222.0,10015,1965
7,100009,100009,1445.7,198,2026,2027,2028,2029,2030,2031,225.6,252.5,246.0,220.5,253.3,247.8,10015,1990
999,100009,100009,1418.7,170,2026,2027,2028,2029,2030,2031,222.6,244.2,231.8,194.3,259.3,266.5,10015,1924
19,100009,100009,1448.7,278,2026,2027,2028,2029,2030,2031,221.5,249.6,249.3,265.9,240.0,222.4,10015,2487
998,100010,100010,448.2,107,2026,2027,2028,2029,2030,2031,78.7,70.9,66.6,75.8,75.6,80.6,10006,701
18,100010,100010,467.4,108,2026,2027,2028,2029,2030,2031,81.4,87.1,73.9,80.4,72.9,71.7,10006,495
5,100010,100010,454.2,157,2026,2027,2028,2029,2030,2031,70.9,69.1,86.0,80.6,64.9,82.7,10006,624
3,100011,100011,348.1,162,2026,2027,2028,2029,2030,2031,60.3,57.4,61.9,65.9,53.3,49.3,10008,287
4,100011,100011,345.5,237,2026,2027,2028,2029,2030,2031,52.8,65.7,49.6,58.5,54.2,64.7,10008,357
998,100012,100012,3006.7,201,2026,2027,2028,2029,2030,2031,546.0,564.0,487.3,469.5,446.7,493.2,10009,13908
11,100012,100012,3129.9,221,2026,2027,2028,2029,2030,2031,551.8,504.6,471.8,483.1,561.8,556.8,10009,10520
8,100012,100012,2845.0,111,2026,2027,2028,2029,2030,2031,487.8,516.2,468.6,450.7,431.6,490.1,10009,13702
10,100012,100012,3110.8,192,2026,2027,2028,2029,2030,2031,450.9,518.1,534.3,552.3,494.1,561.1,10009,11531
7,100013,100013,295.6,146,2026,2027,2028,2029,2030,2031,43.9,50.4,49.0,51.9,57.0,43.4,10016,1987
11,100013,100013,320.0,172,2026,2027,2028,2029,2030,2031,53.1,57.8,45.8,55.8,55.2,52.3,10016,1485
997,100013,100013,312.1,241,2026,2027,2028,2029,2030,2031,58.4,47.8,58.4,46.2,45.8,55.5,10016,2339
999,100014,100014,314.0,128,2026,2027,2028,2029,2030,2031,52.4,49.5,51.0,50.3,53.7,57.1,10008,1090
20,100014,100014,333.5,284,2026,2027,2028,2029,2030,2031,54.6,54.3,46.9,63.3,53.8,60.6,10008,1045
7,100014,100014,317.4,199,2026,2027,2028,2029,2030,2031,50.9,45.9,61.1,58.8,45.4,55.3,10008,1332
7,100015,100015,663.3,260,2026,2027,2028,2029,2030,2031,104.2,121.0,108.6,114.4,115.5,99.6,10016,842
11,100015,100015,657.4,189,2026,2027,2028,2029,2030,2031,116.9,117.5,107.2,117.3,103.2,95.3,10016,842
8,100015,100015,653.4,291,2026,2027,2028,2029,2030,2031,124.1,110.2,113.9,92.3,91.4,121.5,10016,1009
14,100016,100016,1417.9,208,2026,2027,2028,2029,2030,2031,269.0,218.8,257.9,200.5,241.3,230.4,10011,2035
5,100016,100016,1483.5,54,2026,2027,2028,2029,2030,2031,276.6,274.8,254.0,201.0,243.5,233.6,10011,1913
10,100017,100017,415.3,88,2026,2027,2028,2029,2030,2031,74.9,71.7,74.7,77.1,58.6,58.3,10012,1003
1,100017,100017,407.3,167,2026,2027,2028,2029,2030,2031,70.4,61.9,64.3,74.5,57.9,78.3,10012,1234
17,100017,100017,435.0,244,2026,2027,2028,2029,2030,2031,79.0,61.3,71.9,75.7,71.2,75.9,10012,854
18,100018,100018,361.7,300,2026,2027,2028,2029,2030,2031,62.2,63.6,51.0,66.5,62.4,56.0,10004,1690
16,100018,100018,349.2,171,2026,2027,2028,2029,2030,2031,51.2,60.0,50.2,53.6,66.9,67.3,10004,1200
2,100018,100018,362.2,267,2026,2027,2028,2029,2030,2031,68.1,63.2,55.0,60.3,62.7,52.9,10004,1237
999,100019,100019,1472.8,188,2026,2027,2028,2029,2030,2031,267.9,217.7,238.8,239.0,261.6,247.8,10012,1229
13,100019,100019,1488.8,63,2026,2027,2028,2029,2030,2031,254.1,205.0,272.7,251.6,233.8,271.6,10012,1037
11,100020,100020,310.9,165,2026,2027,2028,2029,2030,2031,56.0,59.2,49.4,56.0,43.0,47.3,10011,596
20,100020,100020,310.3,208,2026,2027,2028,2029,2030,2031,48.7,59.0,50.1,54.4,54.1,44.0,10011,526
3,100021,100021,313.7,51,2026,2027,2028,2029,2030,2031,47.0,57.2,55.7,57.7,50.0,46.1,10012,1579
9,100021,100021,308.6,181,2026,2027,2028,2029,2030,2031,52.3,58.1,46.1,45.8,52.0,54.3,10012,1179
3,100022,100022,6000.0,280,2026,2027,2028,2029,2030,2031,1091.1,992.5,1014.4,980.7,1015.3,906.0,10019,12801
20,100022,100022,6291.4,118,2026,2027,2028,2029,2030,2031,1233.4,963.0,1063.4,1122.6,936.6,972.4,10019,12309
9,100023,100023,2449.2,207,2026,2027,2028,2029,2030,2031,367.6,432.7,375.9,454.5,424.4,394.1,10003,5664
14,100023,100023,2383.5,134,2026,2027,2028,2029,2030,2031,341.7,368.3,455.1,372.0,410.8,435.6,10003,6681
997,100024,100024,494.3,131,2026,2027,2028,2029,2030,2031,78.3,87.0,89.7,83.4,74.8,81.1,10013,1721
20,100024,100024,509.9,150,2026,2027,2028,2029,2030,2031,89.6,83.8,86.2,76.7,80.5,93.1,10013,1808
5,100024,100024,507.3,236,2026,2027,2028,2029,2030,2031,96.5,75.4,98.3,74.9,91.7,70.5,10013,1922
10,100025,100025,289.0,146,2026,2027,2028,2029,2030,2031,54.3,44.9,47.8,46.9,45.2,49.9,10017,893
999,100025,100025,324.8,189,2026,2027,2028,2029,2030,2031,59.8,50.9,49.5,51.4,58.6,54.6,10017,866
3,100025,100025,326.7,113,2026,2027,2028,2029,2030,2031,59.4,54.8,56.7,52.9,58.5,44.4,10017,1313
14,100025,100025,309.4,242,2026,2027,2028,2029,2030,2031,48.7,53.8,43.3,59.7,54.4,49.5,10017,1078
9,100026,100026,308.4,223,2026,2027,2028,2029,2030,2031,55.6,52.3,54.5,46.4,49.0,50.6,10018,947
8,100026,100026,296.1,79,2026,2027,2028,2029,2030,2031,51.3,48.5,42.9,44.3,49.8,59.3,10018,1078
17,100026,100026,308.8,74,2026,2027,2028,2029,2030,2031,55.3,48.6,48.5,56.2,51.6,48.6,10018,866
3,100027,100027,6240.0,112,2026,2027,2028,2029,2030,2031,881.4,1135.7,1066.0,1076.1,898.4,1182.4,10012,23988
10,100027,100027,6157.3,97,2026,2027,2028,2029,2030,2031,1032.7,956.2,989.2,1001.6,1117.9,1059.7,10012,25762
2,100027,100027,5829.9,230,2026,2027,2028,2029,2030,2031,991.2,851.6,1054.3,909.9,1046.7,976.2,10012,19694
999,100027,100027,6328.2,143,2026,2027,2028,2029,2030,2031,937.9,1085.4,1117.3,1041.6,1118.5,1027.5,10012,21279
16,100028,100028,325.1,94,2026,2027,2028,2029,2030,2031,53.7,55.2,55.3,49.8,54.5,56.6,10011,399
17,100028,100028,323.8,128,2026,2027,2028,2029,2030,2031,61.4,53.4,59.6,49.3,50.2,49.9,10011,258
997,100028,100028,334.6,174,2026,2027,2028,2029,2030,2031,54.9,50.4,55.2,59.3,58.9,55.9,10011,363
6,100029,100029,423.0,84,2026,2027,2028,2029,2030,2031,68.3,73.0,76.6,66.0,74.2,64.9,10003,745
18,100029,100029,473.0,163,2026,2027,2028,2029,2030,2031,74.8,79.5,82.0,75.5,77.7,83.5,10003,905
16,100029,100029,440.2,93,2026,2027,2028,2029,2030,2031,66.8,65.4,84.8,72.4,71.9,78.9,10003,1065
10,100029,100029,472.2,189,2026,2027,2028,2029,2030,2031,79.6,85.1,77.8,78.2,79.8,71.7,10003,1088
2,100030,100030,961.7,58,2026,2027,2028,2029,2030,2031,143.6,154.8,171.7,167.2,145.2,179.2,10019,2705
15,100030,100030,986.5,257,2026,2027,2028,2029,2030,2031,150.7,176.1,155.6,185.7,173.8,144.6,10019,3187
18,100030,100030,1007.0,258,2026,2027,2028,2029,2030,2031,169.1,178.5,164.9,155.0,165.2,174.3,10019,2299
18,100031,100031,571.1,181,2026,2027,2028,2029,2030,2031,95.3,81.8,107.3,85.7,94.5,106.5,10013,2091
9,100031,100031,598.6,271,2026,2027,2028,2029,2030,2031,97.9,79.5,106.8,101.2,105.4,107.8,10013,1771
8,100032,100032,3212.1,156,2026,2027,2028,2029,2030,2031,575.7,563.8,548.8,515.8,531.3,476.7,10004,16818
5,100032,100032,3191.8,274,2026,2027,2028,2029,2030,2031,442.6,569.7,565.2,500.5,561.8,552.0,10004,16751
999,100032,100032,3197.3,167,2026,2027,2028,2029,2030,2031,597.2,487.1,429.7,566.1,558.8,558.4,10004,19650
11,100032,100032,3376.8,176,2026,2027,2028,2029,2030,2031,552.5,579.5,569.9,499.5,600.4,575.0,10004,15655
19,100033,100033,473.2,54,2026,2027,2028,2029,2030,2031,82.2,84.9,81.5,63.2,78.0,83.4,10011,452
5,100033,100033,452.7,83,2026,2027,2028,2029,2030,2031,84.0,73.3,62.1,86.5,67.2,79.6,10011,717
16,100033,100033,438.5,220,2026,2027,2028,2029,2030,2031,69.8,84.4,84.4,64.4,71.3,64.2,10011,725
10,100034,100034,303.4,83,2026,2027,2028,2029,2030,2031,54.7,46.6,54.0,54.8,42.5,50.8,10008,316
999,100034,100034,295.2,227,2026,2027,2028,2029,2030,2031,51.6,50.3,42.6,48.5,44.6,57.6,10008,233
3,100035,100035,304.6,214,2026,2027,2028,2029,2030,2031,44.3,48.9,47.7,49.2,56.7,57.8,10013,388
4,100035,100035,298.6,210,2026,2027,2028,2029,2030,2031,45.0,51.8,42.6,53.9,50.2,55.1,10013,344
15,100036,100036,488.7,252,2026,2027,2028,2029,2030,2031,94.3,72.8,72.3,89.5,78.8,81.0,10012,1142
7,100036,100036,495.3,226,2026,2027,2028,2029,2030,2031,76.7,71.2,84.5,85.9,86.1,90.9,10012,1044
3,100036,100036,501.6,215,2026,2027,2028,2029,2030,2031,92.9,93.7,74.7,86.1,74.2,80.0,10012,1068
4,100037,100037,955.6,83,2026,2027,2028,2029,2030,2031,146.6,151.3,148.0,170.5,170.9,168.3,10016,2399
8,100037,100037,901.3,68,2026,2027,2028,2029,2030,2031,163.5,142.6,148.9,130.2,145.1,171.0,10016,1827
2,100038,100038,1419.6,187,2026,2027,2028,2029,2030,2031,239.4,249.3,238.9,231.9,255.3,204.8,10019,2859
13,100038,100038,1381.3,133,2026,2027,2028,2029,2030,2031,210.5,204.9,204.5,273.2,277.5,210.7,10019,2612
997,100039,100039,323.2,166,2026,2027,2028,2029,2030,2031,58.0,58.6,60.8,46.1,46.6,53.1,10002,339
998,100039,100039,302.0,52,2026,2027,2028,2029,2030,2031,46.1,57.4,57.3,48.3,45.3,47.6,10002,253
3,100039,100039,331.0,249,2026,2027,2028,2029,2030,2031,62.7,54.8,59.6,58.4,48.1,47.4,10002,389
10,100039,100039,326.6,117,2026,2027,2028,2029,2030,2031,58.6,47.2,61.7,51.3,53.0,54.8,10002,358
16,100040,100040,1400.8,222,2026,2027,2028,2029,2030,2031,199.1,263.5,208.0,207.3,256.6,266.3,10020,6230
15,100040,100040,1357.2,148,2026,2027,2028,2029,2030,2031,213.0,235.4,198.2,263.8,214.3,232.5,10020,6881
17,100040,100040,1436.2,107,2026,2027,2028,2029,2030,2031,209.0,271.6,197.5,259.0,251.9,247.2,10020,4908
12,100040,100040,1357.1,280,2026,2027,2028,2029,2030,2031,228.0,252.4,216.4,200.9,224.5,234.9,10020,4020
2,100041,100041,347.3,52,2026,2027,2028,2029,2030,2031,50.7,58.7,55.0,66.5,55.9,60.5,10011,427
13,100041,100041,364.7,247,2026,2027,2028,2029,2030,2031,55.2,65.2,64.3,54.2,56.8,69.0,10011,540
8,100042,100042,370.7,244,2026,2027,2028,2029,2030,2031,54.1,65.5,67.6,68.8,53.8,60.9,10002,1241
5,100042,100042,386.1,65,2026,2027,2028,2029,2030,2031,72.3,69.6,55.8,65.2,58.8,64.4,10002,1455
1,100042,100042,364.5,279,2026,2027,2028,2029,2030,2031,56.7,59.7,54.5,58.7,72.2,62.7,10002,1047
14,100042,100042,369.4,195,2026,2027,2028,2029,2030,2031,75.0,55.4,55.7,56.5,71.6,55.2,10002,836
8,100043,100043,1123.4,291,2026,2027,2028,2029,2030,2031,212.5,178.7,206.6,174.5,182.5,168.6,10009,5353
10,100043,100043,1085.2,187,2026,2027,2028,2029,2030,2031,203.3,190.9,163.7,164.3,183.4,179.6,10009,5961
9,100043,100043,1140.9,127,2026,2027,2028,2029,2030,2031,202.7,182.5,183.2,207.9,159.6,205.0,10009,7792
11,100043,100043,1065.0,141,2026,2027,2028,2029,2030,2031,198.0,156.4,206.8,174.6,159.6,169.6,10009,6110
9,100044,100044,343.5,255,2026,2027,2028,2029,2030,2031,49.9,57.5,58.5,64.5,54.4,58.7,10005,818
6,100044,100044,332.1,225,2026,2027,2028,2029,2030,2031,51.8,50.6,65.2,53.8,53.3,57.4,10005,750
9,100045,100045,399.4,60,2026,2027,2028,2029,2030,2031,73.5,63.3,56.4,73.5,71.8,60.9,10012,1913
3,100045,100045,387.7,159,2026,2027,2028,2029,2030,2031,54.7,73.9,63.1,69.5,64.5,62.0,10012,1215
1,100045,100045,370.2,112,2026,2027,2028,2029,2030,2031,58.3,57.7,59.7,73.0,54.3,67.2,10012,1645
7,100045,100045,382.0,214,2026,2027,2028,2029,2030,2031,64.6,73.0,64.1,55.5,62.0,62.8,10012,1860
18,100046,100046,889.0,96,2026,2027,2028,2029,2030,2031,139.5,148.8,145.8,167.2,146.7,141.0,10020,1228
1,100046,100046,879.3,141,2026,2027,2028,2029,2030,2031,151.4,123.0,162.1,135.6,162.0,145.2,10020,1990
13,100046,100046,920.2,284,2026,2027,2028,2029,2030,2031,171.6,170.3,126.6,154.4,134.9,162.4,10020,1960
999,100046,100046,959.3,266,2026,2027,2028,2029,2030,2031,159.8,169.0,150.4,170.7,141.0,168.4,10020,1380
999,100047,100047,569.7,98,2026,2027,2028,2029,2030,2031,104.1,76.5,97.5,105.2,93.2,93.2,10006,2567
12,100047,100047,534.6,204,2026,2027,2028,2029,2030,2031,100.9,105.9,92.5,81.1,76.8,77.4,10006,1775
11,100048,100048,350.4,230,2026,2027,2028,2029,2030,2031,57.2,53.8,66.7,68.1,51.4,53.2,10001,1770
20,100048,100048,399.1,151,2026,2027,2028,2029,2030,2031,66.1,67.6,67.9,70.0,57.9,69.6,10001,1489
7,100048,100048,372.1,174,2026,2027,2028,2029,2030,2031,57.1,56.8,70.3,65.3,59.2,63.4,10001,1542
5,100048,100048,378.9,200,2026,2027,2028,2029,2030,2031,53.7,70.2,64.5,69.3,66.4,54.8,10001,1683
999,100049,100049,308.8,195,2026,2027,2028,2029,2030,2031,45.6,42.5,54.8,52.5,57.4,56.0,10011,1294
10,100049,100049,328.7,86,2026,2027,2028,2029,2030,2031,53.0,58.6,59.4,46.4,52.4,58.9,10011,1617
5,100049,100049,310.5,221,2026,2027,2028,2029,2030,2031,43.9,48.6,48.1,53.6,59.4,56.9,10011,1950
9,100050,100050,339.0,157,2026,2027,2028,2029,2030,2031,60.1,53.5,61.9,60.6,47.7,55.2,10007,563
7,100050,100050,336.0,271,2026,2027,2028,2029,2030,2031,63.8,56.2,54.0,57.3,48.7,56.0,10007,460
8,100050,100050,324.4,116,2026,2027,2028,2029,2030,2031,61.3,51.1,55.4,62.1,47.4,47.1,10007,559
13,100051,100051,2286.8,173,2026,2027,2028,2029,2030,2031,400.4,377.0,421.5,319.5,383.0,385.4,10002,7315
6,100051,100051,2164.2,299,2026,2027,2028,2029,2030,2031,362.3,390.5,384.6,362.7,314.5,349.6,10002,5303
18,100052,100052,357.1,50,2026,2027,2028,2029,2030,2031,59.2,54.8,61.2,64.6,63.4,53.9,10005,711
9,100052,100052,358.6,124,2026,2027,2028,2029,2030,2031,59.1,67.1,65.7,57.0,53.3,56.4,10005,956
998,100052,100052,381.4,214,2026,2027,2028,2029,2030,2031,63.0,55.2,69.7,62.9,72.1,58.5,10005,763
10,100052,100052,372.9,107,2026,2027,2028,2029,2030,2031,56.7,71.9,60.7,62.4,58.4,62.8,10005,894
998,100053,100053,1863.0,183,2026,2027,2028,2029,2030,2031,350.1,307.4,344.5,287.3,269.2,304.5,10001,10580
4,100053,100053,1934.4,281,2026,2027,2028,2029,2030,2031,320.6,356.4,314.0,358.0,314.2,271.2,10001,13486
3,100053,100053,1881.3,293,2026,2027,2028,2029,2030,2031,266.4,324.4,318.5,324.5,368.9,278.6,10001,12840
12,100053,100053,1953.0,224,2026,2027,2028,2029,2030,2031,281.3,369.1,367.8,350.1,276.3,308.4,10001,10692
9,100054,100054,568.9,53,2026,2027,2028,2029,2030,2031,79.2,94.0,93.9,103.5,92.9,105.4,10005,632
11,100054,100054,544.6,244,2026,2027,2028,2029,2030,2031,96.1,93.0,89.7,89.6,81.2,95.0,10005,690
999,100054,100054,569.9,274,2026,2027,2028,2029,2030,2031,79.7,79.8,101.1,101.3,103.8,104.2,10005,511
3,100054,100054,520.0,205,2026,2027,2028,2029,2030,2031,88.6,91.8,95.7,77.7,85.2,81.0,10005,598
999,100055,100055,371.0,121,2026,2027,2028,2029,2030,2031,64.4,68.0,67.5,49.7,65.9,55.5,10007,2517
8,100055,100055,372.6,248,2026,2027,2028,2029,2030,2031,66.7,63.2,69.0,53.9,55.4,64.4,10007,2496
2,100055,100055,347.7,239,2026,2027,2028,2029,2030,2031,54.8,57.8,62.4,53.1,53.6,66.0,10007,2068
2,100056,100056,302.5,99,2026,2027,2028,2029,2030,2031,47.9,51.4,44.9,57.4,57.9,43.0,10005,490
17,100056,100056,270.8,144,2026,2027,2028,2029,2030,2031,46.0,43.5,43.1,43.4,48.8,46.0,10005,477
6,100056,100056,294.5,95,2026,2027,2028,2029,2030,2031,51.3,53.6,44.7,43.0,49.0,52.9,10005,510
3,100056,100056,312.6,73,2026,2027,2028,2029,2030,2031,50.8,52.1,48.5,57.2,47.0,57.0,10005,348
7,100057,100057,333.9,224,2026,2027,2028,2029,2030,2031,49.2,48.9,57.1,54.6,61.1,63.0,10006,448
8,100057,100057,330.2,128,2026,2027,2028,2029,2030,2031,62.0,57.1,56.2,45.2,49.7,60.0,10006,717
997,100057,100057,333.6,127,2026,2027,2028,2029,2030,2031,58.2,50.2,61.7,60.8,53.6,49.1,10006,703
4,100058,100058,653.8,173,2026,2027,2028,2029,2030,2031,120.0,115.5,105.7,106.8,95.8,110.0,10004,447
1,100058,100058,669.1,126,2026,2027,2028,2029,2030,2031,120.8,108.5,116.3,95.1,111.0,117.4,10004,492
17,100058,100058,617.1,131,2026,2027,2028,2029,2030,2031,104.1,94.3,87.9,116.2,114.5,100.1,10004,671
998,100058,100058,636.6,59,2026,2027,2028,2029,2030,2031,111.3,109.0,121.1,95.0,100.6,99.6,10004,636
11,100059,100059,823.3,265,2026,2027,2028,2029,2030,2031,129.6,140.6,145.9,135.6,128.4,143.2,10012,1094
999,100059,100059,784.0,283,2026,2027,2028,2029,2030,2031,130.7,119.1,126.8,138.7,138.0,130.7,10012,809
8,100059,100059,747.4,251,2026,2027,2028,2029,2030,2031,136.0,120.9,110.2,121.8,138.8,119.7,10012,1232
998,100059,100059,734.9,198,2026,2027,2028,2029,2030,2031,122.5,131.9,126.5,111.4,108.6,134.0,10012,1266
7,100060,100060,709.9,101,2026,2027,2028,2029,2030,2031,104.4,127.3,121.1,116.4,135.1,105.6,10016,635
17,100060,100060,762.7,70,2026,2027,2028,2029,2030,2031,139.9,136.0,139.9,105.3,134.8,106.8,10016,696
11,100061,100061,355.8,249,2026,2027,2028,2029,2030,2031,58.5,53.6,65.0,61.0,52.5,65.2,10016,1047
997,100061,100061,357.6,101,2026,2027,2028,2029,2030,2031,61.8,62.2,57.5,68.9,57.1,50.1,10016,1584
2,100061,100061,359.9,237,2026,2027,2028,2029,2030,2031,68.6,67.4,64.7,60.1,49.7,49.4,10016,1182
1,100061,100061,342.7,260,2026,2027,2028,2029,2030,2031,63.4,56.3,51.9,57.1,61.3,52.7,10016,1012
17,100062,100062,423.5,92,2026,2027,2028,2029,2030,2031,67.1,73.1,60.1,80.3,68.4,74.5,10011,1020
20,100062,100062,415.4,200,2026,2027,2028,2029,2030,2031,78.5,66.4,62.3,74.0,60.0,74.2,10011,806
11,100062,100062,421.6,209,2026,2027,2028,2029,2030,2031,59.8,73.6,75.5,65.7,72.0,75.0,10011,586
997,100063,100063,307.3,102,2026,2027,2028,2029,2030,2031,46.8,48.1,54.3,48.2,50.7,59.2,10015,723
1,100063,100063,334.5,85,2026,2027,2028,2029,2030,2031,57.8,51.6,58.4,58.4,51.0,57.3,10015,616
20,100064,100064,321.2,299,2026,2027,2028,2029,2030,2031,47.4,56.2,51.2,53.2,56.1,57.1,10016,328
4,100064,100064,301.8,134,2026,2027,2028,2029,2030,2031,54.8,47.7,43.2,51.2,46.1,58.8,10016,336
4,100065,100065,441.4,115,2026,2027,2028,2029,2030,2031,81.3,67.7,66.1,77.2,82.7,66.4,10001,1955
19,100065,100065,472.7,268,2026,2027,2028,2029,2030,2031,75.7,89.4,70.7,65.1,85.1,86.7,10001,1573
4,100066,100066,390.3,73,2026,2027,2028,2029,2030,2031,68.2,57.3,61.4,63.2,67.3,72.9,10014,2094
2,100066,100066,384.0,172,2026,2027,2028,2029,2030,2031,61.1,56.1,62.4,63.6,72.0,68.8,10014,2676
1,100066,100066,393.0,90,2026,2027,2028,2029,2030,2031,67.9,71.1,56.0,68.9,54.8,74.3,10014,1728
5,100066,100066,404.8,206,2026,2027,2028,2029,2030,2031,73.6,64.2,66.1,63.2,67.0,70.7,10014,1626
5,100067,100067,701.7,240,2026,2027,2028,2029,2030,2031,117.5,102.0,126.3,100.0,135.0,120.9,10017,4405
16,100067,100067,751.3,74,2026,2027,2028,2029,2030,2031,122.6,139.5,126.9,113.3,120.9,128.1,10017,4042
4,100067,100067,739.5,278,2026,2027,2028,2029,2030,2031,129.2,119.2,126.6,125.7,105.5,133.3,10017,5444
14,100067,100067,737.0,69,2026,2027,2028,2029,2030,2031,101.7,125.8,105.9,134.2,134.3,135.1,10017,4847
9,100068,100068,357.9,164,2026,2027,2028,2029,2030,2031,54.7,63.4,58.5,55.0,59.6,66.7,10012,799
2,100068,100068,362.0,59,2026,2027,2028,2029,2030,2031,60.4,56.7,70.4,65.5,50.5,58.5,10012,1098
17,100068,100068,344.7,102,2026,2027,2028,2029,2030,2031,50.2,52.0,62.6,62.9,56.4,60.6,10012,1160
12,100069,100069,452.2,165,2026,2027,2028,2029,2030,2031,81.3,68.6,79.4,75.3,78.2,69.4,10016,327
2,100069,100069,446.8,183,2026,2027,2028,2029,2030,2031,79.2,65.9,68.8,81.0,84.3,67.6,10016,393
8,100069,100069,448.3,115,2026,2027,2028,2029,2030,2031,63.0,82.6,72.6,80.8,78.8,70.5,10016,454
7,100070,100070,395.0,222,2026,2027,2028,2029,2030,2031,74.0,59.6,62.9,72.5,56.3,69.7,10013,821
15,100070,100070,410.4,185,2026,2027,2028,2029,2030,2031,72.8,65.5,70.2,77.0,58.3,66.6,10013,890
19,100071,100071,505.8,132,2026,2027,2028,2029,2030,2031,89.6,74.7,93.1,72.7,88.6,87.1,10020,2959
16,100071,100071,541.1,298,2026,2027,2028,2029,2030,2031,80.7,97.8,96.0,91.6,77.6,97.4,10020,2587
17,100071,100071,526.9,190,2026,2027,2028,2029,2030,2031,92.8,73.7,87.0,95.1,84.4,93.9,10020,3590
6,100071,100071,515.6,138,2026,2027,2028,2029,2030,2031,90.1,96.5,87.9,75.5,87.6,78.0,10020,3698
997,100072,100072,2141.2,196,2026,2027,2028,2029,2030,2031,368.5,392.4,345.7,319.7,349.4,365.5,10014,3634
6,100072,100072,2347.6,53,2026,2027,2028,2029,2030,2031,394.4,389.9,417.5,372.2,415.4,358.2,10014,2911
2,100073,100073,3765.5,65,2026,2027,2028,2029,2030,2031,534.9,580.2,691.8,734.5,669.8,554.3,10011,12335
998,100073,100073,3753.4,239,2026,2027,2028,2029,2030,2031,586.3,685.0,529.7,698.0,544.8,709.6,10011,11481
18,100074,100074,351.6,149,2026,2027,2028,2029,2030,2031,51.3,61.8,62.1,52.3,59.5,64.6,10007,940
13,100074,100074,346.7,272,2026,2027,2028,2029,2030,2031,61.9,59.9,65.3,47.8,61.1,50.7,10007,1156
997,100075,100075,369.3,95,2026,2027,2028,2029,2030,2031,63.5,59.4,60.5,63.9,67.7,54.3,10013,441
999,100075,100075,334.8,117,2026,2027,2028,2029,2030,2031,49.9,67.7,63.1,50.8,49.3,54.0,10013,266
12,100075,100075,334.2,132,2026,2027,2028,2029,2030,2031,60.1,53.5,55.0,62.6,51.5,51.5,10013,361
998,100076,100076,3628.5,251,2026,2027,2028,2029,2030,2031,603.6,506.9,635.6,598.6,686.1,597.7,10012,4646
10,100076,100076,3320.0,142,2026,2027,2028,2029,2030,2031,576.4,601.0,510.8,537.0,535.4,559.4,10012,4058
16,100076,100076,3764.7,79,2026,2027,2028,2029,2030,2031,684.7,617.4,588.4,605.9,644.6,623.7,10012,5101
19,100076,100076,3809.4,132,2026,2027,2028,2029,2030,2031,582.5,675.4,616.5,618.0,686.5,630.5,10012,4302
18,100077,100077,450.5,125,2026,2027,2028,2029,2030,2031,63.5,76.3,82.9,76.2,76.1,75.5,10013,2200
10,100077,100077,463.3,51,2026,2027,2028,2029,2030,2031,67.9,76.2,87.5,67.2,87.7,76.8,10013,1911
7,100078,100078,576.2,215,2026,2027,2028,2029,2030,2031,90.9,80.7,94.5,99.7,108.4,102.0,10020,2599
998,100078,100078,515.4,95,2026,2027,2028,2029,2030,2031,79.6,99.2,78.1,100.2,78.6,79.7,10020,2569
9,100079,100079,894.3,208,2026,2027,2028,2029,2030,2031,156.3,146.2,125.0,158.5,151.4,156.9,10018,861
14,100079,100079,887.1,225,2026,2027,2028,2029,2030,2031,162.2,126.4,167.4,142.4,149.8,138.9,10018,1028
13,100079,100079,888.7,186,2026,2027,2028,2029,2030,2031,128.5,163.2,146.5,144.3,157.9,148.3,10018,971
15,100079,100079,929.6,277,2026,2027,2028,2029,2030,2031,162.3,164.8,167.5,139.2,156.5,139.3,10018,1458
1,100080,100080,505.8,239,2026,2027,2028,2029,2030,2031,76.1,92.4,86.9,91.7,77.4,81.3,10009,3935
18,100080,100080,519.6,263,2026,2027,2028,2029,2030,2031,85.4,87.5,94.7,90.6,79.8,81.6,10009,2698
5,100080,100080,545.8,190,2026,2027,2028,2029,2030,2031,78.3,95.5,92.3,76.5,97.9,105.3,10009,3094
4,100080,100080,517.1,134,2026,2027,2028,2029,2030,2031,91.7,83.8,76.9,77.8,97.1,89.8,10009,2896
4,100081,100081,310.6,194,2026,2027,2028,2029,2030,2031,58.3,48.1,50.4,53.3,47.8,52.7,10014,312
10,100081,100081,320.6,214,2026,2027,2028,2029,2030,2031,56.6,59.3,45.5,48.0,56.2,55.0,10014,288
20,100081,100081,314.7,128,2026,2027,2028,2029,2030,2031,57.2,44.9,55.3,57.9,50.6,48.8,10014,297
3,100081,100081,304.6,100,2026,2027,2028,2029,2030,2031,44.4,53.8,43.9,47.4,57.0,58.1,10014,257
1,100082,100082,1424.9,188,2026,2027,2028,2029,2030,2031,247.4,263.0,217.2,202.8,221.2,273.3,10013,1848
17,100082,100082,1458.5,168,2026,2027,2028,2029,2030,2031,263.5,229.8,218.1,263.3,260.1,223.7,10013,1881
997,100082,100082,1416.4,225,2026,2027,2028,2029,2030,2031,207.2,229.7,200.6,219.4,279.0,280.5,10013,1503
19,100082,100082,1504.1,238,2026,2027,2028,2029,2030,2031,242.0,236.5,214.5,277.8,254.0,279.3,10013,2141
8,100083,100083,551.0,166,2026,2027,2028,2029,2030,2031,91.1,80.4,85.8,108.6,90.8,94.3,10018,914
3,100083,100083,561.2,239,2026,2027,2028,2029,2030,2031,80.3,100.2,82.4,110.6,99.7,88.0,10018,638
9,100083,100083,579.2,182,2026,2027,2028,2029,2030,2031,96.8,84.7,100.3,90.9,100.3,106.2,10018,633
12,100084,100084,511.1,181,2026,2027,2028,2029,2030,2031,92.4,95.2,69.9,95.0,82.3,76.3,10016,1068
16,100084,100084,470.7,257,2026,2027,2028,2029,2030,2031,75.8,75.1,80.1,90.3,73.1,76.3,10016,883
16,100085,100085,481.1,84,2026,2027,2028,2029,2030,2031,84.5,86.1,79.5,74.8,71.6,84.6,10008,1034
7,100085,100085,465.7,203,2026,2027,2028,2029,2030,2031,69.1,84.0,69.6,75.2,73.0,94.8,10008,1230
999,100086,100086,350.6,86,2026,2027,2028,2029,2030,2031,54.6,62.7,59.9,60.1,54.7,58.6,10014,1249
998,100086,100086,362.7,166,2026,2027,2028,2029,2030,2031,67.1,53.9,63.8,55.6,65.1,57.2,10014,1123
10,100086,100086,342.8,225,2026,2027,2028,2029,2030,2031,51.6,58.0,52.9,50.5,60.9,68.9,10014,1010
3,100086,100086,345.4,178,2026,2027,2028,2029,2030,2031,53.2,52.1,60.0,62.8,51.0,66.3,10014,1222
5,100087,100087,5322.4,273,2026,2027,2028,2029,2030,2031,898.5,735.6,1019.1,940.7,865.9,862.6,10013,11304
20,100087,100087,5417.1,239,2026,2027,2028,2029,2030,2031,895.7,804.7,978.1,974.3,850.7,913.6,10013,19380
14,100088,100088,378.6,51,2026,2027,2028,2029,2030,2031,68.2,71.3,53.6,64.6,63.5,57.4,10003,549
5,100088,100088,371.6,130,2026,2027,2028,2029,2030,2031,68.7,64.2,54.4,52.0,65.8,66.5,10003,461
9,100088,100088,363.9,206,2026,2027,2028,2029,2030,2031,54.1,60.9,64.3,57.4,63.3,63.9,10003,422
16,100088,100088,385.7,192,2026,2027,2028,2029,2030,2031,66.4,68.0,60.7,68.6,62.2,59.8,10003,483
999,100089,100089,742.9,104,2026,2027,2028,2029,2030,2031,134.5,126.4,130.1,117.7,128.1,106.1,10016,2116
13,100089,100089,732.9,212,2026,2027,2028,2029,2030,2031,131.6,132.2,124.6,127.5,101.6,115.4,10016,1480
5,100089,100089,673.9,70,2026,2027,2028,2029,2030,2031,103.2,105.4,137.4,117.3,102.1,108.5,10016,2243
13,100090,100090,903.3,52,2026,2027,2028,2029,2030,2031,141.6,176.9,129.6,167.0,135.8,152.4,10017,733
20,100090,100090,910.9,109,2026,2027,2028,2029,2030,2031,160.9,168.6,141.6,128.4,157.9,153.5,10017,955
997,100090,100090,917.7,152,2026,2027,2028,2029,2030,2031,161.8,145.4,160.8,177.5,131.2,141.0,10017,815
17,100090,100090,884.9,122,2026,2027,2028,2029,2030,2031,147.3,157.2,153.7,165.1,130.2,131.4,10017,1015
12,100091,100091,299.1,193,2026,2027,2028,2029,2030,2031,59.4,50.5,49.6,42.6,45.6,51.4,10002,446
9,100091,100091,337.0,197,2026,2027,2028,2029,2030,2031,47.6,59.1,56.6,59.2,57.8,56.7,10002,510
8,100091,100091,301.6,224,2026,2027,2028,2029,2030,2031,50.2,49.1,51.0,46.8,48.4,56.1,10002,585
20,100091,100091,297.5,223,2026,2027,2028,2029,2030,2031,52.8,43.0,44.5,43.7,53.6,59.9,10002,672
12,100092,100092,301.9,69,2026,2027,2028,2029,2030,2031,42.7,57.1,46.8,44.1,54.3,56.9,10001,413
17,100092,100092,293.7,288,2026,2027,2028,2029,2030,2031,45.6,48.0,46.3,52.5,45.7,55.6,10001,498
18,100092,100092,302.5,113,2026,2027,2028,2029,2030,2031,51.2,46.0,55.4,57.8,46.1,46.0,10001,480
4,100093,100093,536.3,145,2026,2027,2028,2029,2030,2031,97.1,83.8,69.9,94.3,97.2,94.0,10011,527
3,100093,100093,553.6,284,2026,2027,2028,2029,2030,2031,83.8,98.0,95.4,94.6,83.8,98.0,10011,495
998,100093,100093,509.0,58,2026,2027,2028,2029,2030,2031,81.1,91.2,73.4,84.8,81.8,96.7,10011,492
6,100094,100094,1308.1,133,2026,2027,2028,2029,2030,2031,237.5,219.4,236.8,185.3,200.5,228.6,10015,4775
15,100094,100094,1325.7,97,2026,2027,2028,2029,2030,2031,249.9,198.7,204.4,204.9,257.3,210.5,10015,5204
4,100094,100094,1303.9,83,2026,2027,2028,2029,2030,2031,200.4,237.7,212.7,249.3,205.7,198.1,10015,6705
4,100095,100095,305.4,95,2026,2027,2028,2029,2030,2031,50.1,49.2,45.1,59.3,45.1,56.6,10001,1143
9,100095,100095,307.3,114,2026,2027,2028,2029,2030,2031,44.9,58.1,53.5,51.8,48.0,51.0,10001,1244
8,100095,100095,307.6,211,2026,2027,2028,2029,2030,2031,52.4,49.5,54.6,43.6,56.7,50.8,10001,909
18,100095,100095,308.8,155,2026,2027,2028,2029,2030,2031,55.5,47.0,48.8,52.3,56.7,48.5,10001,927
7,100096,100096,410.7,277,2026,2027,2028,2029,2030,2031,60.1,74.1,64.3,71.7,67.4,73.1,10003,1774
19,100096,100096,439.9,157,2026,2027,2028,2029,2030,2031,70.3,66.8,78.2,76.2,70.9,77.5,10003,2563
997,100096,100096,387.3,124,2026,2027,2028,2029,2030,2031,69.3,75.7,57.7,59.8,61.4,63.4,10003,2675
18,100096,100096,437.2,183,2026,2027,2028,2029,2030,2031,70.1,65.2,76.6,74.1,77.8,73.4,10003,3039
1,100097,100097,301.5,66,2026,2027,2028,2029,2030,2031,54.1,59.0,54.8,43.9,45.4,44.3,10004,1514
5,100097,100097,306.1,208,2026,2027,2028,2029,2030,2031,50.8,43.4,56.0,51.7,59.9,44.3,10004,951
8,100097,100097,307.7,83,2026,2027,2028,2029,2030,2031,54.0,58.0,47.9,46.8,47.5,53.5,10004,1219
12,100098,100098,2942.0,292,2026,2027,2028,2029,2030,2031,526.7,463.2,527.8,538.0,476.2,410.1,10015,18402
11,100098,100098,2831.3,213,2026,2027,2028,2029,2030,2031,416.8,484.0,489.4,490.2,478.7,472.2,10015,16785
8,100099,100099,521.5,84,2026,2027,2028,2029,2030,2031,85.2,88.5,80.5,76.0,92.0,99.3,10004,967
3,100099,100099,542.1,160,2026,2027,2028,2029,2030,2031,90.3,75.9,104.4,105.1,90.5,75.9,10004,1258
15,100099,100099,561.3,113,2026,2027,2028,2029,2030,2031,94.2,100.5,92.7,81.5,103.1,89.3,10004,852
13,100100,100100,322.0,122,2026,2027,2028,2029,2030,2031,49.9,46.7,55.9,58.4,56.6,54.5,10020,653
8,100100,100100,277.8,166,2026,2027,2028,2029,2030,2031,51.8,47.2,45.8,43.7,44.9,44.4,10020,642
9,100100,100100,284.6,97,2026,2027,2028,2029,2030,2031,47.3,53.4,45.8,42.8,43.4,51.9,10020,770
3,100100,100100,271.8,105,2026,2027,2028,2029,2030,2031,47.4,44.7,50.2,42.6,44.1,42.8,10020,543
16,100101,100101,289.6,150,2026,2027,2028,2029,2030,2031,54.7,43.1,43.9,55.6,45.1,47.2,10017,891
12,100101,100101,312.2,246,2026,2027,2028,2029,2030,2031,50.7,45.9,57.2,56.8,57.0,44.6,10017,1354
15,100101,100101,316.9,74,2026,2027,2028,2029,2030,2031,49.2,59.6,46.8,59.9,46.0,55.4,10017,1215
998,100102,100102,311.6,173,2026,2027,2028,2029,2030,2031,58.9,45.3,55.2,55.5,52.1,44.6,10012,433
10,100102,100102,306.0,133,2026,2027,2028,2029,2030,2031,46.0,58.0,57.6,46.3,44.5,53.6,10012,283
13,100103,100103,5372.2,113,2026,2027,2028,2029,2030,2031,990.5,877.5,909.4,908.8,753.2,932.8,10014,7943
8,100103,100103,5217.0,215,2026,2027,2028,2029,2030,2031,734.7,888.4,979.4,998.7,890.3,725.5,10014,7920
1,100103,100103,5021.3,138,2026,2027,2028,2029,2030,2031,864.4,739.4,850.3,800.4,870.8,896.0,10014,11828
1,100104,100104,679.5,228,2026,2027,2028,2029,2030,2031,110.2,101.4,131.6,115.2,113.4,107.7,10012,2695
999,100104,100104,709.7,270,2026,2027,2028,2029,2030,2031,118.5,117.6,108.9,114.6,130.4,119.7,10012,2800
13,100104,100104,621.9,213,2026,2027,2028,2029,2030,2031,98.8,102.2,107.7,106.5,110.6,96.1,10012,2721
1,100105,100105,2373.6,246,2026,2027,2028,2029,2030,2031,370.5,335.8,457.6,437.6,352.8,419.3,10007,14288
20,100105,100105,2270.3,263,2026,2027,2028,2029,2030,2031,409.9,370.7,413.6,342.1,397.8,336.2,10007,17500
12,100105,100105,2122.8,149,2026,2027,2028,2029,2030,2031,351.3,331.5,341.7,353.1,331.5,413.7,10007,15173
8,100105,100105,2303.9,288,2026,2027,2028,2029,2030,2031,398.1,421.8,361.7,376.6,408.9,336.8,10007,17361
3,100106,100106,389.5,207,2026,2027,2028,2029,2030,2031,59.6,67.7,70.9,69.4,68.8,53.1,10019,943
15,100106,100106,362.7,235,2026,2027,2028,2029,2030,2031,52.7,53.4,58.3,72.0,72.4,53.9,10019,920
997,100106,100106,381.9,192,2026,2027,2028,2029,2030,2031,60.1,56.0,65.9,64.0,72.1,63.8,10019,1042
2,100106,100106,377.5,92,2026,2027,2028,2029,2030,2031,54.1,65.5,59.5,61.6,66.1,70.7,10019,1290
11,100107,100107,604.6,145,2026,2027,2028,2029,2030,2031,115.1,96.5,93.4,92.2,114.9,92.5,10011,727
998,100107,100107,588.6,190,2026,2027,2028,2029,2030,2031,102.9,109.4,92.5,89.7,99.9,94.2,10011,964
6,100107,100107,616.1,202,2026,2027,2028,2029,2030,2031,90.1,113.9,96.6,94.9,106.0,114.6,10011,545
18,100107,100107,575.1,247,2026,2027,2028,2029,2030,2031,86.1,111.5,81.8,114.7,88.8,92.2,10011,916
18,100108,100108,654.1,115,2026,2027,2028,2029,2030,2031,98.9,113.2,101.3,105.6,130.1,105.0,10020,4784
17,100108,100108,714.8,94,2026,2027,2028,2029,2030,2031,98.8,110.9,131.2,124.0,123.6,126.3,10020,4003
19,100108,100108,696.5,256,2026,2027,2028,2029,2030,2031,130.4,122.8,127.3,98.9,120.4,96.7,10020,4216
5,100108,100108,668.6,272,2026,2027,2028,2029,2030,2031,98.3,97.4,125.4,108.8,127.2,111.5,10020,3114
20,100109,100109,750.8,133,2026,2027,2028,2029,2030,2031,132.9,132.8,107.7,128.2,119.3,129.9,10009,993
1,100109,100109,738.2,179,2026,2027,2028,2029,2030,2031,115.0,107.6,137.2,122.5,124.7,131.2,10009,748
13,100110,100110,1092.6,248,2026,2027,2028,2029,2030,2031,168.7,201.6,166.5,190.0,168.9,196.9,10006,7732
5,100110,100110,1178.7,238,2026,2027,2028,2029,2030,2031,214.4,195.5,176.5,189.8,201.6,200.9,10006,7012
11,100110,100110,1134.6,155,2026,2027,2028,2029,2030,2031,179.5,181.1,192.1,209.2,201.9,170.8,10006,6594
12,100111,100111,414.3,87,2026,2027,2028,2029,2030,2031,56.7,63.1,78.9,70.3,79.0,66.3,10020,381
20,100111,100111,401.5,239,2026,2027,2028,2029,2030,2031,77.4,61.5,71.9,59.7,72.9,58.1,10020,290
997,100111,100111,435.2,78,2026,2027,2028,2029,2030,2031,78.0,77.5,76.2,75.0,56.4,72.1,10020,349
997,100112,100112,745.8,228,2026,2027,2028,2029,2030,2031,116.1,130.2,118.5,128.4,139.3,113.3,10011,4993
18,100112,100112,745.3,228,2026,2027,2028,2029,2030,2031,123.7,147.1,130.3,118.4,109.8,116.0,10011,4857
7,100112,100112,740.9,218,2026,2027,2028,2029,2030,2031,109.4,136.0,107.5,124.2,119.1,144.7,10011,4155
13,100113,100113,466.1,72,2026,2027,2028,2029,2030,2031,84.7,73.0,78.0,82.8,72.4,75.2,10002,2075
8,100113,100113,428.8,135,2026,2027,2028,2029,2030,2031,72.8,71.7,83.4,60.9,66.5,73.5,10002,2540
12,100114,100114,872.5,277,2026,2027,2028,2029,2030,2031,125.0,159.8,137.4,152.0,143.2,155.1,10013,3135
998,100114,100114,863.6,85,2026,2027,2028,2029,2030,2031,160.3,158.2,158.4,124.5,129.9,132.3,10013,1815
997,100114,100114,826.4,89,2026,2027,2028,2029,2030,2031,131.8,159.0,142.6,143.2,124.6,125.2,10013,2305
10,100114,100114,811.7,225,2026,2027,2028,2029,2030,2031,128.6,142.3,135.0,120.1,144.5,141.2,10013,2846
999,100115,100115,329.2,90,2026,2027,2028,2029,2030,2031,58.4,50.0,58.4,56.0,54.0,52.4,10012,801
17,100115,100115,317.2,245,2026,2027,2028,2029,2030,2031,52.3,59.1,44.6,48.1,57.9,55.2,10012,802
10,100116,100116,419.0,206,2026,2027,2028,2029,2030,2031,80.0,64.3,76.3,60.3,62.2,75.9,10003,2619
15,100116,100116,398.0,249,2026,2027,2028,2029,2030,2031,72.2,72.4,72.0,63.3,58.4,59.7,10003,2413
997,100116,100116,431.0,85,2026,2027,2028,2029,2030,2031,69.8,72.2,74.7,66.7,78.1,69.5,10003,1954
9,100117,100117,2303.3,162,2026,2027,2028,2029,2030,2031,359.1,419.9,356.4,356.7,352.9,458.3,10012,3777
14,100117,100117,2240.0,238,2026,2027,2028,2029,2030,2031,395.3,373.0,390.9,362.4,383.8,334.6,10012,3698
20,100118,100118,310.5,274,2026,2027,2028,2029,2030,2031,54.8,55.9,44.0,45.3,51.5,59.0,10008,1191
19,100118,100118,320.0,62,2026,2027,2028,2029,2030,2031,52.6,50.4,56.5,53.3,52.6,54.6,10008,747
18,100118,100118,310.9,285,2026,2027,2028,2029,2030,2031,51.2,59.1,57.2,48.5,46.3,48.6,10008,672
17,100118,100118,309.7,249,2026,2027,2028,2029,2030,2031,52.6,45.9,58.2,51.4,56.2,45.4,10008,965
13,100119,100119,779.4,132,2026,2027,2028,2029,2030,2031,107.3,126.1,145.5,145.4,144.9,110.2,10017,3345
14,100119,100119,773.5,142,2026,2027,2028,2029,2030,2031,145.9,141.1,137.7,111.7,111.2,125.9,10017,2253
11,100119,100119,800.7,61,2026,2027,2028,2029,2030,2031,137.2,138.1,148.9,133.0,113.2,130.3,10017,3482
15,100119,100119,783.5,232,2026,2027,2028,2029,2030,2031,146.2,131.0,135.1,112.8,144.3,114.1,10017,2192
15,100120,100120,383.4,177,2026,2027,2028,2029,2030,2031,57.5,73.4,74.7,53.6,70.4,53.8,10007,917
10,100120,100120,381.5,154,2026,2027,2028,2029,2030,2031,65.5,53.7,73.0,58.8,66.5,64.0,10007,729
997,100120,100120,392.2,103,2026,2027,2028,2029,2030,2031,66.8,53.7,73.0,59.7,67.4,71.6,10007,551
2,100121,100121,2726.0,156,2026,2027,2028,2029,2030,2031,491.7,463.7,489.3,408.5,501.7,371.1,10013,3328
5,100121,100121,2623.3,297,2026,2027,2028,2029,2030,2031,388.0,406.4,462.8,468.6,449.5,448.0,10013,2499
2,100122,100122,763.7,84,2026,2027,2028,2029,2030,2031,128.2,128.7,114.5,130.9,136.6,124.8,10019,810
3,100122,100122,763.4,196,2026,2027,2028,2029,2030,2031,150.8,126.4,130.3,121.0,120.9,114.0,10019,1192
10,100122,100122,884.0,123,2026,2027,2028,2029,2030,2031,140.2,156.6,133.5,142.9,154.2,156.6,10019,1002
11,100122,100122,844.5,177,2026,2027,2028,2029,2030,2031,150.2,123.3,137.7,139.9,153.9,139.5,10019,1060
6,100123,100123,342.5,103,2026,2027,2028,2029,2030,2031,54.2,52.3,50.8,57.7,64.3,63.2,10003,806
20,100123,100123,349.7,101,2026,2027,2028,2029,2030,2031,68.4,56.7,55.1,59.6,61.2,48.7,10003,761
8,100123,100123,331.6,135,2026,2027,2028,2029,2030,2031,53.5,49.8,54.4,59.4,63.8,50.7,10003,618
999,100123,100123,334.8,222,2026,2027,2028,2029,2030,2031,62.9,60.7,49.0,52.0,55.0,55.2,10003,675
997,100124,100124,389.1,287,2026,2027,2028,2029,2030,2031,55.2,61.7,70.3,71.0,61.7,69.2,10008,838
5,100124,100124,373.4,225,2026,2027,2028,2029,2030,2031,69.7,58.2,67.3,58.6,63.3,56.3,10008,658
16,100124,100124,377.4,146,2026,2027,2028,2029,2030,2031,71.4,68.8,53.3,55.0,69.8,59.1,10008,787
13,100125,100125,412.0,155,2026,2027,2028,2029,2030,2031,69.8,76.1,73.5,72.4,63.4,56.8,10010,1191
6,100125,100125,407.8,145,2026,2027,2028,2029,2030,2031,76.4,64.7,75.3,63.1,68.2,60.1,10010,1854
15,100126,100126,762.4,184,2026,2027,2028,2029,2030,2031,107.3,127.4,128.1,114.6,146.7,138.3,10013,1993
17,100126,100126,798.7,102,2026,2027,2028,2029,2030,2031,120.6,139.9,110.5,149.2,128.8,149.7,10013,2553
17,100127,100127,2532.9,76,2026,2027,2028,2029,2030,2031,388.3,350.5,464.5,467.8,391.5,470.3,10018,2460
4,100127,100127,2501.2,99,2026,2027,2028,2029,2030,2031,437.7,388.5,426.1,388.5,470.7,389.7,10018,2118
1,100127,100127,2422.9,295,2026,2027,2028,2029,2030,2031,419.7,453.8,439.4,382.9,366.6,360.5,10018,2609
12,100128,100128,2124.4,136,2026,2027,2028,2029,2030,2031,328.3,400.2,346.4,341.5,319.4,388.6,10001,13459
18,100128,100128,2053.6,150,2026,2027,2028,2029,2030,2031,316.7,314.0,425.6,316.7,359.3,321.3,10001,10609
11,100128,100128,2328.3,259,2026,2027,2028,2029,2030,2031,386.4,386.0,417.1,399.6,389.0,350.2,10001,10760
9,100128,100128,2359.8,73,2026,2027,2028,2029,2030,2031,407.1,413.6,320.3,428.1,407.9,382.8,10001,15606
15,100129,100129,321.8,283,2026,2027,2028,2029,2030,2031,57.1,52.7,48.4,48.3,59.9,55.4,10002,381
10,100129,100129,321.7,66,2026,2027,2028,2029,2030,2031,47.5,60.9,50.2,59.9,50.1,53.1,10002,409
998,100129,100129,310.4,76,2026,2027,2028,2029,2030,2031,50.6,52.6,47.3,58.2,55.2,46.5,10002,392
997,100129,100129,305.4,201,2026,2027,2028,2029,2030,2031,57.2,46.1,54.3,45.5,49.7,52.6,10002,394
6,100130,100130,1295.6,189,2026,2027,2028,2029,2030,2031,195.8,229.2,213.5,227.2,202.5,227.4,10009,5412
16,100130,100130,1259.6,202,2026,2027,2028,2029,2030,2031,183.9,219.0,224.0,222.0,230.9,179.8,10009,4740
13,100130,100130,1220.2,258,2026,2027,2028,2029,2030,2031,210.9,229.8,184.2,239.3,176.6,179.4,10009,5128
3,100130,100130,1186.4,198,2026,2027,2028,2029,2030,2031,229.7,194.8,217.3,176.0,187.1,181.5,10009,6020
5,100131,100131,575.4,253,2026,2027,2028,2029,2030,2031,90.4,101.2,95.6,87.6,109.9,90.7,10012,1422
998,100131,100131,587.5,52,2026,2027,2028,2029,2030,2031,90.9,112.1,95.2,113.4,92.2,83.7,10012,1216
15,100131,100131,622.1,50,2026,2027,2028,2029,2030,2031,97.7,108.9,109.1,82.8,110.7,112.9,10012,1279
18,100131,100131,612.3,150,2026,2027,2028,2029,2030,2031,108.0,92.7,109.4,109.5,88.6,104.1,10012,1225
13,100132,100132,833.7,89,2026,2027,2028,2029,2030,2031,142.8,134.1,120.9,130.0,154.9,151.0,10019,2074
14,100132,100132,797.4,218,2026,2027,2028,2029,2030,2031,152.5,118.0,112.7,142.2,118.9,153.1,10019,2285
18,100132,100132,829.2,204,2026,2027,2028,2029,2030,2031,157.9,116.1,141.9,131.4,133.3,148.6,10019,2989
7,100132,100132,808.7,158,2026,2027,2028,2029,2030,2031,141.0,133.2,131.8,150.1,130.0,122.6,10019,2525
8,100133,100133,946.4,78,2026,2027,2028,2029,2030,2031,148.1,155.1,145.8,177.7,156.3,163.4,10014,937
999,100133,100133,963.7,121,2026,2027,2028,2029,2030,2031,176.8,130.8,164.7,154.1,171.5,165.8,10014,875
17,100133,100133,928.4,69,2026,2027,2028,2029,2030,2031,130.7,173.1,131.3,151.3,165.3,176.7,10014,992
9,100133,100133,925.9,166,2026,2027,2028,2029,2030,2031,154.8,156.9,158.6,173.8,154.6,127.2,10014,900
11,100134,100134,603.1,236,2026,2027,2028,2029,2030,2031,111.5,106.2,89.4,81.1,110.3,104.6,10018,880
14,100134,100134,577.7,238,2026,2027,2028,2029,2030,2031,88.5,100.6,98.9,98.7,101.5,89.5,10018,808
12,100134,100134,549.6,121,2026,2027,2028,2029,2030,2031,89.3,82.6,96.5,107.9,89.0,84.3,10018,650
20,100135,100135,319.0,96,2026,2027,2028,2029,2030,2031,57.6,56.2,50.9,47.4,58.4,48.5,10018,490
6,100135,100135,311.0,176,2026,2027,2028,2029,2030,2031,59.9,50.4,45.7,46.8,61.2,47.0,10018,479
19,100135,100135,318.4,265,2026,2027,2028,2029,2030,2031,51.7,51.2,56.2,57.4,47.2,54.7,10018,377
4,100136,100136,309.5,230,2026,2027,2028,2029,2030,2031,49.5,47.8,55.6,55.7,51.8,49.1,10012,840
2,100136,100136,302.3,130,2026,2027,2028,2029,2030,2031,47.1,51.8,50.1,47.6,56.5,49.2,10012,1149
6,100136,100136,319.3,285,2026,2027,2028,2029,2030,2031,54.5,43.2,58.6,53.7,59.2,50.1,10012,982
15,100136,100136,301.3,222,2026,2027,2028,2029,2030,2031,47.3,47.2,56.5,47.0,52.7,50.6,10012,1034
7,100137,100137,337.0,75,2026,2027,2028,2029,2030,2031,60.0,50.2,57.3,59.7,62.8,47.0,10008,670
17,100137,100137,331.8,64,2026,2027,2028,2029,2030,2031,59.9,53.5,60.7,51.6,47.4,58.7,10008,833
11,100137,100137,355.7,269,2026,2027,2028,2029,2030,2031,59.4,62.8,65.0,59.0,60.4,49.1,10008,701
998,100137,100137,336.1,97,2026,2027,2028,2029,2030,2031,54.0,61.5,59.2,62.2,50.3,48.9,10008,562
3,100138,100138,1057.1,91,2026,2027,2028,2029,2030,2031,194.7,157.2,165.9,193.6,185.8,159.9,10003,1163
997,100138,100138,1009.0,95,2026,2027,2028,2029,2030,2031,157.2,144.7,163.7,199.0,156.1,188.3,10003,960
15,100138,100138,1012.1,246,2026,2027,2028,2029,2030,2031,169.7,195.1,176.6,151.5,169.7,149.5,10003,954
15,100139,100139,292.1,217,2026,2027,2028,2029,2030,2031,43.1,43.7,55.2,56.1,42.8,51.2,10019,650
999,100139,100139,325.8,181,2026,2027,2028,2029,2030,2031,58.8,54.1,47.2,54.8,58.3,52.6,10019,674
9,100139,100139,312.1,107,2026,2027,2028,2029,2030,2031,56.0,50.9,49.6,55.2,56.7,43.7,10019,421
4,100139,100139,327.0,224,2026,2027,2028,2029,2030,2031,59.2,56.8,50.9,52.4,58.9,48.8,10019,529
997,100140,100140,971.3,101,2026,2027,2028,2029,2030,2031,150.6,176.9,149.2,176.2,171.9,146.5,10019,2978
3,100140,100140,938.3,141,2026,2027,2028,2029,2030,2031,133.0,151.6,141.2,168.4,179.2,164.9,10019,3666
7,100141,100141,320.6,186,2026,2027,2028,2029,2030,2031,58.4,56.0,54.1,46.2,55.1,50.8,10013,542
5,100141,100141,329.5,153,2026,2027,2028,2029,2030,2031,60.1,63.0,45.4,51.3,51.3,58.4,10013,326
2,100141,100141,337.7,198,2026,2027,2028,2029,2030,2031,60.0,57.4,53.6,57.6,61.3,47.8,10013,356
1,100141,100141,323.0,112,2026,2027,2028,2029,2030,2031,46.4,58.7,54.1,45.4,61.9,56.5,10013,475
2,100142,100142,885.5,79,2026,2027,2028,2029,2030,2031,161.5,125.5,151.1,162.2,123.9,161.3,10020,850
10,100142,100142,925.2,223,2026,2027,2028,2029,2030,2031,160.4,131.7,160.7,141.9,161.0,169.5,10020,801
19,100143,100143,315.6,80,2026,2027,2028,2029,2030,2031,44.9,57.1,56.4,55.9,52.9,48.4,10019,777
18,100143,100143,295.1,84,2026,2027,2028,2029,2030,2031,55.8,45.4,49.0,45.4,46.8,52.7,10019,683
6,100144,100144,499.7,256,2026,2027,2028,2029,2030,2031,72.4,77.6,74.9,91.6,98.6,84.6,10016,1198
1,100144,100144,484.2,94,2026,2027,2028,2029,2030,2031,86.4,76.0,76.5,80.3,85.6,79.4,10016,1087
16,100144,100144,525.0,139,2026,2027,2028,2029,2030,2031,73.4,77.6,87.1,100.5,90.9,95.5,10016,970
3,100144,100144,558.3,188,2026,2027,2028,2029,2030,2031,88.8,78.0,101.6,101.3,90.7,97.9,10016,1024
998,100145,100145,300.0,90,2026,2027,2028,2029,2030,2031,43.4,44.5,45.1,57.3,58.5,51.2,10008,991
7,100145,100145,299.7,244,2026,2027,2028,2029,2030,2031,43.3,53.8,47.5,50.1,48.4,56.6,10008,874
9,100145,100145,279.4,68,2026,2027,2028,2029,2030,2031,44.3,43.4,51.9,45.3,43.0,51.5,10008,1113
19,100146,100146,595.8,155,2026,2027,2028,2029,2030,2031,111.1,116.4,93.1,88.9,93.0,93.3,10016,4398
11,100146,100146,600.6,287,2026,2027,2028,2029,2030,2031,98.1,92.7,101.5,102.0,116.2,90.1,10016,3836
14,100146,100146,574.1,135,2026,2027,2028,2029,2030,2031,91.2,98.1,101.0,91.8,97.6,94.4,10016,2794
7,100146,100146,593.0,137,2026,2027,2028,2029,2030,2031,109.2,87.1,89.8,114.8,101.1,91.0,10016,2994
997,100147,100147,310.2,105,2026,2027,2028,2029,2030,2031,52.6,52.2,46.5,49.7,51.6,57.6,10020,632
20,100147,100147,310.2,198,2026,2027,2028,2029,2030,2031,57.1,47.4,55.3,55.4,46.8,48.2,10020,500
6,100147,100147,327.6,170,2026,2027,2028,2029,2030,2031,58.7,59.1,58.5,58.2,49.8,43.3,10020,684
13,100148,100148,7044.4,83,2026,2027,2028,2029,2030,2031,1158.6,1073.4,1201.2,981.6,1270.9,1358.7,10012,8411
16,100148,100148,6883.1,196,2026,2027,2028,2029,2030,2031,1072.8,1378.4,983.1,1245.7,1041.7,1161.4,10012,10555
999,100148,100148,7195.3,144,2026,2027,2028,2029,2030,2031,986.5,1159.6,1287.0,1328.2,1139.7,1294.3,10012,9891
4,100148,100148,7041.8,125,2026,2027,2028,2029,2030,2031,1259.7,977.2,1228.9,1131.4,1254.4,1190.2,10012,8783
20,100149,100149,708.2,292,2026,2027,2028,2029,2030,2031,127.5,127.2,99.3,130.9,125.1,98.2,10012,5068
18,100149,100149,642.4,215,2026,2027,2028,2029,2030,2031,110.4,98.1,111.2,114.5,97.7,110.5,10012,4211
19,100149,100149,667.8,172,2026,2027,2028,2029,2030,2031,98.7,124.1,104.1,134.9,105.5,100.5,10012,4647
999,100150,100150,289.8,174,2026,2027,2028,2029,2030,2031,48.7,47.2,54.4,47.4,43.6,48.5,10016,1801
7,100150,100150,325.0,144,2026,2027,2028,2029,2030,2031,57.0,50.7,51.8,56.9,58.2,50.4,10016,2123
8,100150,100150,326.9,70,2026,2027,2028,2029,2030,2031,59.0,56.7,59.0,43.6,58.1,50.5,10016,1681
11,100150,100150,283.7,88,2026,2027,2028,2029,2030,2031,45.6,59.3,43.8,45.4,44.5,45.1,10016,2204
1,100151,100151,950.4,66,2026,2027,2028,2029,2030,2031,166.3,143.4,155.4,160.9,172.1,152.3,10003,4108
10,100151,100151,1024.7,251,2026,2027,2028,2029,2030,2031,180.9,182.8,165.1,154.8,168.4,172.7,10003,5159
14,100151,100151,984.6,252,2026,2027,2028,2029,2030,2031,169.2,175.0,183.1,160.9,153.0,143.4,10003,5091
998,100151,100151,965.4,122,2026,2027,2028,2029,2030,2031,180.2,148.7,156.8,152.1,183.3,144.3,10003,5607
6,100152,100152,312.8,91,2026,2027,2028,2029,2030,2031,51.9,45.7,45.6,54.9,58.3,56.4,10017,1516
999,100152,100152,281.0,58,2026,2027,2028,2029,2030,2031,43.2,48.0,44.7,47.1,45.7,52.3,10017,1978
18,100153,100153,3950.3,89,2026,2027,2028,2029,2030,2031,550.7,529.8,725.5,690.4,729.1,724.8,10011,2600
6,100153,100153,3905.6,291,2026,2027,2028,2029,2030,2031,683.9,735.1,596.0,676.8,626.8,587.0,10011,4266
10,100153,100153,4107.7,78,2026,2027,2028,2029,2030,2031,739.1,668.5,697.1,681.8,723.6,597.6,10011,4216
4,100154,100154,901.6,99,2026,2027,2028,2029,2030,2031,132.2,164.2,142.8,150.2,148.5,163.7,10005,2910
10,100154,100154,917.0,221,2026,2027,2028,2029,2030,2031,142.9,181.3,145.9,132.1,159.9,154.9,10005,3533
16,100155,100155,406.6,145,2026,2027,2028,2029,2030,2031,75.5,74.7,62.5,57.7,73.5,62.7,10011,814
11,100155,100155,388.3,239,2026,2027,2028,2029,2030,2031,62.1,61.3,64.4,67.0,59.2,74.3,10011,1492
20,100155,100155,420.2,85,2026,2027,2028,2029,2030,2031,72.4,60.9,72.4,76.1,63.9,74.5,10011,1383
17,100155,100155,391.2,288,2026,2027,2028,2029,2030,2031,67.8,57.6,61.2,76.5,66.2,61.9,10011,1470
997,100156,100156,998.7,124,2026,2027,2028,2029,2030,2031,146.7,162.9,168.9,188.4,148.1,183.7,10005,5983
9,100156,100156,991.9,56,2026,2027,2028,2029,2030,2031,139.2,183.4,183.9,154.0,168.4,163.0,10005,6808
14,100156,100156,963.1,123,2026,2027,2028,2029,2030,2031,145.5,153.8,172.9,172.7,143.8,174.4,10005,5507
997,100157,100157,303.8,194,2026,2027,2028,2029,2030,2031,44.6,47.4,59.9,43.7,55.5,52.7,10018,1730
8,100157,100157,322.1,54,2026,2027,2028,2029,2030,2031,47.0,54.5,59.5,56.8,49.0,55.3,10018,2172
1,100157,100157,285.1,119,2026,2027,2028,2029,2030,2031,45.3,43.5,48.1,57.9,44.9,45.4,10018,1650
12,100158,100158,305.8,92,2026,2027,2028,2029,2030,2031,53.7,43.8,45.9,53.5,55.9,53.0,10012,615
2,100158,100158,326.1,74,2026,2027,2028,2029,2030,2031,57.8,57.0,54.5,47.8,54.5,54.5,10012,612
10,100158,100158,291.8,285,2026,2027,2028,2029,2030,2031,48.7,45.0,44.9,47.4,56.1,49.7,10012,747
17,100158,100158,293.1,262,2026,2027,2028,2029,2030,2031,44.3,45.2,46.4,45.8,58.2,53.2,10012,762
999,100159,100159,293.8,85,2026,2027,2028,2029,2030,2031,58.5,44.5,44.8,42.8,48.6,54.6,10007,1071
4,100159,100159,313.4,258,2026,2027,2028,2029,2030,2031,58.1,53.0,55.9,48.5,54.9,43.0,10007,694
14,100159,100159,307.7,158,2026,2027,2028,2029,2030,2031,44.8,54.6,54.5,47.9,46.2,59.7,10007,1003
15,100159,100159,299.6,253,2026,2027,2028,2029,2030,2031,56.2,43.9,56.1,55.8,43.2,44.4,10007,986
9,100160,100160,447.5,97,2026,2027,2028,2029,2030,2031,73.7,75.8,76.4,79.7,62.7,79.2,10015,2698
2,100160,100160,397.6,268,2026,2027,2028,2029,2030,2031,58.5,61.3,75.6,64.4,71.6,66.2,10015,2448
3,100160,100160,400.0,105,2026,2027,2028,2029,2030,2031,75.1,63.6,71.4,60.2,71.6,58.1,10015,2764
10,100160,100160,431.1,285,2026,2027,2028,2029,2030,2031,80.7,61.9,75.7,57.9,75.1,79.8,10015,2454
999,100161,100161,9113.0,154,2026,2027,2028,2029,2030,2031,1561.3,1276.3,1642.4,1716.2,1435.7,1481.1,10009,39742
19,100161,100161,8753.9,192,2026,2027,2028,2029,2030,2031,1717.9,1284.5,1277.8,1290.7,1606.0,1577.0,10009,58667
6,100161,100161,8763.7,265,2026,2027,2028,2029,2030,2031,1263.7,1470.8,1416.0,1452.3,1592.8,1568.1,10009,50027
15,100161,100161,8742.7,171,2026,2027,2028,2029,2030,2031,1501.1,1368.6,1652.8,1317.3,1257.3,1645.6,10009,65406
998,100162,100162,310.2,300,2026,2027,2028,2029,2030,2031,50.4,52.7,55.4,45.5,50.4,55.8,10010,310
16,100162,100162,329.4,153,2026,2027,2028,2029,2030,2031,59.9,60.8,44.5,60.8,49.4,54.0,10010,315
4,100162,100162,320.9,252,2026,2027,2028,2029,2030,2031,58.3,56.3,48.3,56.1,53.7,48.2,10010,481
998,100163,100163,907.3,109,2026,2027,2028,2029,2030,2031,179.3,154.3,135.2,151.4,133.9,153.2,10013,5815
20,100163,100163,870.3,147,2026,2027,2028,2029,2030,2031,134.6,132.7,130.3,131.1,163.1,178.5,10013,5738
13,100163,100163,932.7,176,2026,2027,2028,2029,2030,2031,144.7,143.4,160.2,167.4,162.2,154.8,10013,6348
16,100164,100164,307.5,160,2026,2027,2028,2029,2030,2031,47.1,48.5,57.5,52.1,59.2,43.1,10010,368
17,100164,100164,291.3,218,2026,2027,2028,2029,2030,2031,44.6,50.4,57.4,50.2,43.1,45.6,10010,364
6,100165,100165,303.7,225,2026,2027,2028,2029,2030,2031,44.9,55.0,51.0,44.4,54.3,54.1,10003,614
16,100165,100165,291.6,146,2026,2027,2028,2029,2030,2031,50.7,52.3,45.2,43.5,47.1,52.8,10003,642
14,100165,100165,299.8,139,2026,2027,2028,2029,2030,2031,48.7,59.6,48.1,43.0,43.3,57.1,10003,711
11,100166,100166,300.6,201,2026,2027,2028,2029,2030,2031,48.5,48.8,48.6,54.1,46.8,53.8,10013,450
13,100166,100166,297.3,218,2026,2027,2028,2029,2030,2031,54.5,57.7,44.5,45.5,51.9,43.2,10013,730
4,100166,100166,325.2,146,2026,2027,2028,2029,2030,2031,52.4,58.3,47.2,54.7,52.8,59.8,10013,625
14,100166,100166,295.2,257,2026,2027,2028,2029,2030,2031,48.1,44.2,51.0,54.6,46.1,51.2,10013,695
10,100167,100167,306.5,117,2026,2027,2028,2029,2030,2031,46.0,53.6,59.5,43.8,57.4,46.2,10009,655
12,100167,100167,312.8,74,2026,2027,2028,2029,2030,2031,59.9,49.5,46.5,55.5,44.1,57.3,10009,949
14,100167,100167,293.9,260,2026,2027,2028,2029,2030,2031,47.3,52.4,51.8,50.0,48.6,43.8,10009,792
18,100168,100168,1580.8,210,2026,2027,2028,2029,2030,2031,251.7,237.3,260.7,274.5,263.5,293.1,10011,2270
11,100168,100168,1628.8,289,2026,2027,2028,2029,2030,2031,291.4,266.1,233.9,300.2,280.8,256.4,10011,2191
7,100168,100168,1670.3,101,2026,2027,2028,2029,2030,2031,286.7,290.6,295.4,297.8,279.4,220.4,10011,1859
998,100169,100169,7992.3,118,2026,2027,2028,2029,2030,2031,1371.1,1189.3,1377.8,1399.2,1283.0,1371.9,10016,34307
10,100169,100169,7032.7,112,2026,2027,2028,2029,2030,2031,1288.1,1124.9,1269.3,1187.5,1065.0,1097.9,10016,33848
18,100170,100170,298.3,190,2026,2027,2028,2029,2030,2031,58.3,46.0,47.3,43.0,56.3,47.4,10016,483
14,100170,100170,312.1,204,2026,2027,2028,2029,2030,2031,57.4,59.4,51.0,42.8,57.5,44.0,10016,527
997,100170,100170,322.7,264,2026,2027,2028,2029,2030,2031,43.6,59.2,58.2,54.3,58.0,49.4,10016,680
19,100171,100171,332.2,276,2026,2027,2028,2029,2030,2031,58.8,51.6,57.0,59.1,58.8,46.9,10014,301
17,100171,100171,326.1,240,2026,2027,2028,2029,2030,2031,53.0,56.0,48.0,57.1,55.4,56.6,10014,336
4,100172,100172,1845.0,292,2026,2027,2028,2029,2030,2031,354.5,299.1,279.8,314.8,304.4,292.4,10017,1372
6,100172,100172,1777.8,171,2026,2027,2028,2029,2030,2031,310.2,302.8,279.0,282.3,335.1,268.4,10017,2019
7,100172,100172,1928.6,290,2026,2027,2028,2029,2030,2031,339.0,255.5,354.1,316.5,341.1,322.4,10017,1310
18,100173,100173,1038.8,149,2026,2027,2028,2029,2030,2031,189.7,156.3,181.5,142.8,184.5,184.0,10004,2706
13,100173,100173,1084.7,126,2026,2027,2028,2029,2030,2031,189.8,187.9,187.4,152.8,188.4,178.4,10004,3172
10,100173,100173,1067.6,58,2026,2027,2028,2029,2030,2031,185.9,187.3,171.4,185.3,178.9,158.8,10004,3319
997,100173,100173,1003.4,158,2026,2027,2028,2029,2030,2031,140.5,179.6,163.5,177.3,187.9,154.6,10004,4708
999,100174,100174,423.0,57,2026,2027,2028,2029,2030,2031,68.8,65.2,71.1,76.0,74.3,67.6,10017,2791
9,100174,100174,391.2,128,2026,2027,2028,2029,2030,2031,72.0,61.3,67.3,72.0,57.0,61.6,10017,2142
17,100175,100175,436.0,131,2026,2027,2028,2029,2030,2031,76.1,73.0,71.5,73.4,69.8,72.2,10019,745
999,100175,100175,379.8,71,2026,2027,2028,2029,2030,2031,74.0,57.4,58.3,67.7,61.7,60.7,10019,728
13,100176,100176,329.9,299,2026,2027,2028,2029,2030,2031,46.4,59.1,58.7,53.8,53.5,58.4,10012,586
19,100176,100176,299.3,295,2026,2027,2028,2029,2030,2031,47.1,57.4,43.4,53.3,53.0,45.1,10012,552
17,100177,100177,594.8,241,2026,2027,2028,2029,2030,2031,99.2,90.1,89.3,114.6,110.1,91.5,10002,773
14,100177,100177,614.9,157,2026,2027,2028,2029,2030,2031,86.9,111.5,102.8,116.2,92.1,105.4,10002,627
15,100177,100177,587.5,199,2026,2027,2028,2029,2030,2031,109.4,83.4,115.6,90.4,97.8,90.9,10002,861
998,100177,100177,573.0,232,2026,2027,2028,2029,2030,2031,98.0,82.8,87.0,93.4,106.0,105.8,10002,721
9,100178,100178,374.5,221,2026,2027,2028,2029,2030,2031,63.7,53.0,71.7,61.9,59.4,64.8,10013,468
3,100178,100178,365.9,151,2026,2027,2028,2029,2030,2031,64.6,67.8,52.8,57.3,65.1,58.3,10013,403
4,100178,100178,351.9,136,2026,2027,2028,2029,2030,2031,54.7,70.9,52.7,55.7,55.5,62.4,10013,448
17,100179,100179,1052.7,241,2026,2027,2028,2029,2030,2031,161.9,160.4,155.8,161.1,207.9,205.6,10013,3958
14,100179,100179,1161.9,161,2026,2027,2028,2029,2030,2031,180.1,209.9,169.6,205.3,211.4,185.6,10013,5337
16,100180,100180,309.1,59,2026,2027,2028,2029,2030,2031,58.6,55.1,57.6,44.3,46.0,47.5,10012,1202
5,100180,100180,306.1,231,2026,2027,2028,2029,2030,2031,46.3,51.7,45.4,59.3,52.2,51.2,10012,1268
18,100180,100180,295.7,122,2026,2027,2028,2029,2030,2031,51.5,45.4,56.2,46.0,49.6,47.0,10012,989
9,100181,100181,981.7,156,2026,2027,2028,2029,2030,2031,174.3,158.2,158.1,178.5,155.1,157.5,10013,1502
19,100181,100181,892.8,81,2026,2027,2028,2029,2030,2031,140.4,153.7,132.5,144.8,142.4,179.0,10013,1123
4,100182,100182,317.4,51,2026,2027,2028,2029,2030,2031,43.9,57.0,54.0,50.4,59.2,52.9,10012,359
11,100182,100182,324.6,254,2026,2027,2028,2029,2030,2031,43.3,53.4,50.4,59.1,60.0,58.4,10012,416
5,100182,100182,278.8,293,2026,2027,2028,2029,2030,2031,46.2,43.4,53.8,48.2,43.5,43.7,10012,424
1,100182,100182,286.2,103,2026,2027,2028,2029,2030,2031,44.1,47.0,46.7,56.0,49.5,42.9,10012,319
997,100183,100183,3698.3,141,2026,2027,2028,2029,2030,2031,535.5,634.1,621.3,657.8,654.3,595.3,10009,22201
5,100183,100183,3599.2,158,2026,2027,2028,2029,2030,2031,640.2,577.5,573.0,650.7,570.4,587.4,10009,15230
4,100183,100183,3295.8,299,2026,2027,2028,2029,2030,2031,559.8,549.2,513.4,600.7,495.1,577.6,10009,19754
999,100184,100184,527.1,255,2026,2027,2028,2029,2030,2031,102.3,90.0,93.7,76.5,88.2,76.4,10012,1029
5,100184,100184,530.1,62,2026,2027,2028,2029,2030,2031,78.5,77.8,101.4,99.6,89.9,82.9,10012,1075
17,100185,100185,1053.9,246,2026,2027,2028,2029,2030,2031,167.1,170.1,185.2,190.6,163.7,177.2,10013,4040
14,100185,100185,951.7,274,2026,2027,2028,2029,2030,2031,149.5,181.7,153.4,153.5,165.9,147.7,10013,4526
15,100186,100186,3122.8,204,2026,2027,2028,2029,2030,2031,569.8,487.6,589.2,570.2,464.7,441.3,10001,7746
998,100186,100186,2950.7,167,2026,2027,2028,2029,2030,2031,546.1,503.9,430.7,497.1,429.9,543.0,10001,10095
20,100186,100186,3360.2,142,2026,2027,2028,2029,2030,2031,580.5,597.6,533.5,513.2,536.4,599.0,10001,10089
10,100187,100187,326.7,87,2026,2027,2028,2029,2030,2031,50.4,62.5,60.1,50.4,47.3,56.0,10019,1078
3,100187,100187,334.5,171,2026,2027,2028,2029,2030,2031,55.1,58.8,62.0,50.4,52.5,55.7,10019,943
5,100187,100187,332.6,165,2026,2027,2028,2029,2030,2031,49.0,64.1,61.0,55.3,56.1,47.1,10019,1040
1,100187,100187,324.6,232,2026,2027,2028,2029,2030,2031,50.6,57.7,62.8,47.7,46.9,58.9,10019,949
19,100188,100188,3022.4,281,2026,2027,2028,2029,2030,2031,569.8,409.9,470.2,489.1,524.2,559.2,10005,6783
20,100188,100188,2843.5,278,2026,2027,2028,2029,2030,2031,484.9,522.5,491.6,473.9,456.3,414.3,10005,6207
18,100188,100188,2947.9,91,2026,2027,2028,2029,2030,2031,551.6,423.2,507.3,511.2,478.3,476.3,10005,4974
15,100189,100189,329.7,169,2026,2027,2028,2029,2030,2031,51.4,52.8,54.5,58.6,57.4,55.0,10016,934
8,100189,100189,328.6,253,2026,2027,2028,2029,2030,2031,47.6,54.9,59.3,57.1,54.3,55.4,10016,1180
10,100190,100190,2031.8,156,2026,2027,2028,2029,2030,2031,379.3,369.5,305.3,313.7,362.1,301.9,10017,15539
999,100190,100190,2085.8,223,2026,2027,2028,2029,2030,2031,348.8,317.9,356.3,409.1,332.7,321.0,10017,9761
11,100191,100191,553.6,247,2026,2027,2028,2029,2030,2031,79.9,90.0,87.7,103.0,96.7,96.3,10017,843
14,100191,100191,529.1,287,2026,2027,2028,2029,2030,2031,81.2,77.7,93.9,88.6,93.3,94.4,10017,872
4,100191,100191,585.5,269,2026,2027,2028,2029,2030,2031,97.1,102.1,95.8,102.4,96.6,91.5,10017,872
20,100191,100191,540.5,90,2026,2027,2028,2029,2030,2031,97.9,74.4,76.3,92.1,99.3,100.5,10017,782
17,100192,100192,328.7,246,2026,2027,2028,2029,2030,2031,58.1,52.2,48.5,61.9,54.2,53.8,10017,456
16,100192,100192,327.3,156,2026,2027,2028,2029,2030,2031,61.7,54.9,51.3,49.1,50.9,59.4,10017,593
4,100192,100192,332.6,155,2026,2027,2028,2029,2030,2031,58.5,48.8,60.1,53.9,50.2,61.1,10017,810
5,100192,100192,359.3,247,2026,2027,2028,2029,2030,2031,62.9,63.9,55.7,58.8,63.7,54.3,10017,457
3,100193,100193,298.9,300,2026,2027,2028,2029,2030,2031,50.1,49.4,43.1,58.6,45.1,52.6,10015,1942
11,100193,100193,312.3,191,2026,2027,2028,2029,2030,2031,55.0,54.1,51.6,47.7,49.5,54.4,10015,2203
13,100193,100193,320.1,87,2026,2027,2028,2029,2030,2031,55.1,48.0,48.5,57.0,58.3,53.2,10015,2016
6,100193,100193,313.3,277,2026,2027,2028,2029,2030,2031,50.3,46.1,52.0,56.3,53.9,54.7,10015,2136
7,100194,100194,571.9,104,2026,2027,2028,2029,2030,2031,93.4,88.8,99.1,104.2,92.9,93.5,10011,2448
10,100194,100194,547.6,201,2026,2027,2028,2029,2030,2031,93.9,92.9,100.3,81.5,77.4,101.6,10011,2770
3,100194,100194,573.6,116,2026,2027,2028,2029,2030,2031,102.7,86.1,89.8,92.4,99.6,103.0,10011,3486
2,100194,100194,528.7,166,2026,2027,2028,2029,2030,2031,87.7,78.0,97.0,80.4,85.9,99.7,10011,2926
19,100195,100195,368.7,250,2026,2027,2028,2029,2030,2031,68.6,63.1,61.2,62.4,57.4,56.0,10014,1262
999,100195,100195,351.4,99,2026,2027,2028,2029,2030,2031,62.0,53.0,57.9,65.4,52.3,60.8,10014,1267
5,100196,100196,394.9,144,2026,2027,2028,2029,2030,2031,74.1,57.1,56.7,75.5,66.1,65.4,10010,862
999,100196,100196,418.7,162,2026,2027,2028,2029,2030,2031,64.4,68.0,73.0,75.1,68.5,69.7,10010,868
14,100196,100196,405.5,167,2026,2027,2028,2029,2030,2031,76.8,71.9,64.7,59.0,66.8,66.3,10010,606
17,100197,100197,353.2,268,2026,2027,2028,2029,2030,2031,60.6,51.7,54.3,62.7,70.4,53.5,10005,453
4,100197,100197,353.1,127,2026,2027,2028,2029,2030,2031,53.5,63.0,51.8,54.2,58.8,71.8,10005,420
999,100197,100197,361.1,122,2026,2027,2028,2029,2030,2031,51.6,54.0,67.5,59.9,70.7,57.4,10005,398
7,100197,100197,370.5,196,2026,2027,2028,2029,2030,2031,68.2,61.3,53.6,58.3,69.3,59.8,10005,425
13,100198,100198,310.4,236,2026,2027,2028,2029,2030,2031,46.6,46.7,55.8,58.1,56.3,46.9,10004,1117
16,100198,100198,320.6,295,2026,2027,2028,2029,2030,2031,58.8,56.3,51.7,48.4,51.4,54.0,10004,1375
20,100198,100198,294.9,247,2026,2027,2028,2029,2030,2031,52.3,49.2,45.8,47.2,44.7,55.7,10004,1403
997,100199,100199,426.8,178,2026,2027,2028,2029,2030,2031,75.8,66.5,71.4,75.8,66.1,71.2,10001,2852
18,100199,100199,377.6,230,2026,2027,2028,2029,2030,2031,57.1,75.4,58.4,54.8,72.0,59.9,10001,2772
3,100199,100199,384.7,289,2026,2027,2028,2029,2030,2031,67.4,56.3,66.4,61.6,67.6,65.4,10001,1644
7,100199,100199,380.3,75,2026,2027,2028,2029,2030,2031,64.2,63.7,73.7,61.5,60.2,57.0,10001,2361
